category,sub_id,sub_name,title,artist,videoId,url,license,length_sec,focus,origin
오프닝·신호,A2_intro,밴드 인트로 / 테마,Ryno's Theme - .com,Kevin MacLeod,FTIdFrNaDqI,https://www.youtube.com/watch?v=FTIdFrNaDqI,CC BY 4.0,182,4,search
오프닝·신호,A2_intro,밴드 인트로 / 테마,Futuristic Detective Theme,Eric Matyas (Soundimage.org),nUof74yB8fo,https://www.youtube.com/watch?v=nUof74yB8fo,Free with attribution,93,2,channel
오프닝·신호,A2_intro,밴드 인트로 / 테마,'s - (Away and then Home) Intro Funky Music,TeknoAXE,7HjR76oC9u0,https://www.youtube.com/watch?v=7HjR76oC9u0,CC BY 4.0,99,2,search
오프닝·신호,A4_close,라스트콜 / 클로징,Close to Midnight - Electro Swing/Swing Hop,TeknoAXE,dyXJ27za0dQ,https://www.youtube.com/watch?v=dyXJ27za0dQ,CC BY 4.0,200,5,channel
장르·결,B1_swing,스윙 / 빅밴드,Hep Cats by,Kevin MacLeod,BxDmPAKyxrg,https://www.youtube.com/watch?v=BxDmPAKyxrg,CC BY 4.0,251,4,search
장르·결,B1_swing,스윙 / 빅밴드,Melody Man - Electro Swing,TeknoAXE,U-JjEcipQTY,https://www.youtube.com/watch?v=U-JjEcipQTY,CC BY 4.0,240,4,search
장르·결,B1_swing,스윙 / 빅밴드,The Pixeltown Shuffle,Eric Matyas (Soundimage.org),aS-5jBeiXu8,https://www.youtube.com/watch?v=aS-5jBeiXu8,Free with attribution,120,4,channel
장르·결,B1_swing,스윙 / 빅밴드,Big Swing Band,Audionautix / Jason Shaw,3SZoXbcJNlE,https://www.youtube.com/watch?v=3SZoXbcJNlE,CC BY 4.0,111,4,search
장르·결,B1_swing,스윙 / 빅밴드,Hep cats,Kevin MacLeod,vLI9812N9V8,https://www.youtube.com/watch?v=vLI9812N9V8,CC BY 4.0,250,4,channel
장르·결,B1_swing,스윙 / 빅밴드,Knock Knock - Electro Swing,TeknoAXE,C1zmYI3oTNs,https://www.youtube.com/watch?v=C1zmYI3oTNs,CC BY 4.0,226,4,search
장르·결,B1_swing,스윙 / 빅밴드,Retro Jazz & Swing | Music Library | Bank Muzyki,Eric Matyas (Soundimage.org),8wttOD6l5Io,https://www.youtube.com/watch?v=8wttOD6l5Io,Free with attribution,107,4,search
장르·결,B1_swing,스윙 / 빅밴드,As I Figure,Kevin MacLeod,XQo5Gppa2vI,https://www.youtube.com/watch?v=XQo5Gppa2vI,CC BY 4.0,217,4,search
장르·결,B1_swing,스윙 / 빅밴드,Old Man of the Mountain - Swing Hop,TeknoAXE,mqY_ybDYIrg,https://www.youtube.com/watch?v=mqY_ybDYIrg,CC BY 4.0,221,4,channel
장르·결,B1_swing,스윙 / 빅밴드,The Pixeltown Shuffle 2,Eric Matyas (Soundimage.org),SDmkmPY8qJE,https://www.youtube.com/watch?v=SDmkmPY8qJE,Free with attribution,104,4,channel
장르·결,B1_swing,스윙 / 빅밴드,Porch Swing Days - faster,Kevin MacLeod,iCqDt_OxLSA,https://www.youtube.com/watch?v=iCqDt_OxLSA,CC BY 4.0,187,4,search
장르·결,B1_swing,스윙 / 빅밴드,Don't Mean a Thing - Electro Swing,TeknoAXE,v0Gc7FIENcE,https://www.youtube.com/watch?v=v0Gc7FIENcE,CC BY 4.0,207,4,search
장르·결,B1_swing,스윙 / 빅밴드,Big Band Swingin' ( ),Eric Matyas (Soundimage.org),b3kfMTgnBqg,https://www.youtube.com/watch?v=b3kfMTgnBqg,Free with attribution,85,3,channel
장르·결,B1_swing,스윙 / 빅밴드,Faster Does It,Kevin MacLeod,RVUl_VskWNE,https://www.youtube.com/watch?v=RVUl_VskWNE,CC BY 4.0,183,4,search
장르·결,B1_swing,스윙 / 빅밴드,Hot Foot - Electro Swing,TeknoAXE,taVPCxN-oWg,https://www.youtube.com/watch?v=taVPCxN-oWg,CC BY 4.0,205,4,channel
장르·결,B1_swing,스윙 / 빅밴드,Swing Machine,Kevin MacLeod,Rtahc_olXjE,https://www.youtube.com/watch?v=Rtahc_olXjE,CC BY 4.0,138,4,channel
장르·결,B1_swing,스윙 / 빅밴드,Wat Dat Dee - Electro Swing,TeknoAXE,1Zzqio6jPRQ,https://www.youtube.com/watch?v=1Zzqio6jPRQ,CC BY 4.0,201,4,search
장르·결,B1_swing,스윙 / 빅밴드,George Street Shuffle,Kevin MacLeod,DDmILM0cxg4,https://www.youtube.com/watch?v=DDmILM0cxg4,CC BY 4.0,180,4,seed
장르·결,B1_swing,스윙 / 빅밴드,Hot Swing,Kevin MacLeod,HqDFEqoap6Q,https://www.youtube.com/watch?v=HqDFEqoap6Q,CC BY 4.0,52,2,search
장르·결,B1_swing,스윙 / 빅밴드,New Type Menace - Electro Swing,TeknoAXE,THbZSPhSuto,https://www.youtube.com/watch?v=THbZSPhSuto,CC BY 4.0,197,4,channel
장르·결,B3_cool,쿨 재즈,'s - Royalty Free Song (Laid Back) Elevator Music?,TeknoAXE,htvCtAlhGvU,https://www.youtube.com/watch?v=htvCtAlhGvU,CC BY 4.0,270,5,search
장르·결,B3_cool,쿨 재즈,Cool Vibes,Kevin MacLeod,TjqwSV4CggE,https://www.youtube.com/watch?v=TjqwSV4CggE,CC BY 4.0,219,5,search
장르·결,B3_cool,쿨 재즈,Vibe Ace,Kevin MacLeod,45ghQ2G4vl8,https://www.youtube.com/watch?v=45ghQ2G4vl8,CC BY 4.0,180,5,seed
장르·결,B6_latin,라틴 / 보사 / 삼바,Modern Jazz Samba,Kevin MacLeod,IaGW8L5S-XA,https://www.youtube.com/watch?v=IaGW8L5S-XA,CC BY 4.0,251,5,search
장르·결,B6_latin,라틴 / 보사 / 삼바,Falling Leaves / Jazz Bossa /,MusMus,lgW3U0WA3vg,https://www.youtube.com/watch?v=lgW3U0WA3vg,Free with attribution (musmus.main.jp),249,5,channel
장르·결,B6_latin,라틴 / 보사 / 삼바,Sideways Samba,Audionautix / Jason Shaw,ltblurPMmdY,https://www.youtube.com/watch?v=ltblurPMmdY,CC BY 4.0,191,5,search
장르·결,B6_latin,라틴 / 보사 / 삼바,Samba Isobel,Kevin MacLeod,JY81kVOuwPo,https://www.youtube.com/watch?v=JY81kVOuwPo,CC BY 4.0,251,5,channel
장르·결,B6_latin,라틴 / 보사 / 삼바,Sugary lie / Jazz Bossa /,MusMus,2a1M4ORJY2k,https://www.youtube.com/watch?v=2a1M4ORJY2k,Free with attribution (musmus.main.jp),172,5,channel
장르·결,B6_latin,라틴 / 보사 / 삼바,Hot Salsa,Audionautix / Jason Shaw,7ge3pWSFu48,https://www.youtube.com/watch?v=7ge3pWSFu48,CC BY 4.0,141,5,search
장르·결,B6_latin,라틴 / 보사 / 삼바,Casa Bossa Nova - .com,Kevin MacLeod,O_TcGPoFwPo,https://www.youtube.com/watch?v=O_TcGPoFwPo,CC BY 4.0,245,5,channel
장르·결,B6_latin,라틴 / 보사 / 삼바,Sad Bossa /,MusMus,8fbvI38gVJQ,https://www.youtube.com/watch?v=8fbvI38gVJQ,Free with attribution (musmus.main.jp),139,5,channel
장르·결,B6_latin,라틴 / 보사 / 삼바,Casa Bossa Nova,Kevin MacLeod,T1UgI0CpA50,https://www.youtube.com/watch?v=T1UgI0CpA50,CC BY 4.0,243,5,search
장르·결,B6_latin,라틴 / 보사 / 삼바,Blobby Samba,Kevin MacLeod,VYgpDi8WGic,https://www.youtube.com/watch?v=VYgpDi8WGic,CC BY 4.0,234,5,channel
장르·결,B6_latin,라틴 / 보사 / 삼바,Blobby Samba - Latinesque,Kevin MacLeod,mfSvLWY0teE,https://www.youtube.com/watch?v=mfSvLWY0teE,CC BY 4.0,234,5,search
장르·결,B6_latin,라틴 / 보사 / 삼바,Off to Osaka,Kevin MacLeod,iaY1fWiiGwc,https://www.youtube.com/watch?v=iaY1fWiiGwc,CC BY 4.0,109,5,search
장르·결,B6_latin,라틴 / 보사 / 삼바,Bossa Antigua,Kevin MacLeod,A25zUqFEJr4,https://www.youtube.com/watch?v=A25zUqFEJr4,CC BY 4.0,180,5,seed
장르·결,B6_latin,라틴 / 보사 / 삼바,Samba Stings,Kevin MacLeod,OU-MOAZtXHE,https://www.youtube.com/watch?v=OU-MOAZtXHE,CC BY 4.0,47,3,search
장르·결,B7_blues,재즈 블루스,Opheliea's Blues,Audionautix / Jason Shaw,lh6rlMHFj18,https://www.youtube.com/watch?v=lh6rlMHFj18,CC BY 4.0,245,4,search
장르·결,B7_blues,재즈 블루스,MyCherryCrush Bad Ol' Cat Rainy November Mix -- Jazz/Blues,TeknoAXE,pGH9wOPOiDA,https://www.youtube.com/watch?v=pGH9wOPOiDA,CC BY 4.0,199,4,search
장르·결,B7_blues,재즈 블루스,Matt's Blues,Kevin MacLeod,91URklVsq9E,https://www.youtube.com/watch?v=91URklVsq9E,CC BY 4.0,169,4,search
장르·결,B7_blues,재즈 블루스,Monplaisir - Well end blues,Loyalty Freak Music / Komiku,1_jPEVyost4,https://www.youtube.com/watch?v=1_jPEVyost4,CC0,160,4,channel
장르·결,B7_blues,재즈 블루스,RPG BLues,Eric Matyas (Soundimage.org),gQKQ_q_hQrI,https://www.youtube.com/watch?v=gQKQ_q_hQrI,Free with attribution,90,3,channel
장르·결,B7_blues,재즈 블루스,Big Blues,Audionautix / Jason Shaw,nZexS165t7c,https://www.youtube.com/watch?v=nZexS165t7c,CC BY 4.0,202,4,search
장르·결,B7_blues,재즈 블루스,Bass Walker,Kevin MacLeod,gTl6KydlGps,https://www.youtube.com/watch?v=gTl6KydlGps,CC BY 4.0,163,4,search
장르·결,B7_blues,재즈 블루스,Big Blues Bed,Audionautix / Jason Shaw,meHoyeMJTbk,https://www.youtube.com/watch?v=meHoyeMJTbk,CC BY 4.0,195,4,search
장르·결,B7_blues,재즈 블루스,Bass Walker - Film Noir,Kevin MacLeod,ddjQcewYu1c,https://www.youtube.com/watch?v=ddjQcewYu1c,CC BY 4.0,162,4,search
장르·결,B7_blues,재즈 블루스,Acoustic Blues,Audionautix / Jason Shaw,33WPtZmunaI,https://www.youtube.com/watch?v=33WPtZmunaI,CC BY 4.0,153,4,search
장르·결,B7_blues,재즈 블루스,Nile's Blues,Kevin MacLeod,QYCgQIiqUqc,https://www.youtube.com/watch?v=QYCgQIiqUqc,CC BY 4.0,156,4,search
장르·결,B7_blues,재즈 블루스,Double Blues,Audionautix / Jason Shaw,H1rZv2uHfbk,https://www.youtube.com/watch?v=H1rZv2uHfbk,CC BY 4.0,127,4,search
장르·결,B7_blues,재즈 블루스,Porch Blues,Kevin MacLeod,FvUhGpKNH6E,https://www.youtube.com/watch?v=FvUhGpKNH6E,CC BY 4.0,118,4,search
장르·결,B7_blues,재즈 블루스,Brookers Blues,Audionautix / Jason Shaw,_45nLn96x_s,https://www.youtube.com/watch?v=_45nLn96x_s,CC BY 4.0,96,3,search
장르·결,B8_ballad,발라드,Smooth Lovin,Kevin MacLeod,z6j690YzFFY,https://www.youtube.com/watch?v=z6j690YzFFY,CC BY 4.0,180,5,seed
장르·결,B8_ballad,발라드,3 minutes DTM : Electric piano slow jazz - DTM,MusMus,6ydCH18Nsng,https://www.youtube.com/watch?v=6ydCH18Nsng,Free with attribution (musmus.main.jp),174,5,channel
장르·결,B9_smooth,스무스 / 컨템포러리,Fig Leaf Times Two,Kevin MacLeod,01AFmkSqZu0,https://www.youtube.com/watch?v=01AFmkSqZu0,CC BY 4.0,381,5,search
장르·결,B9_smooth,스무스 / 컨템포러리,怠惰の果実,MusMus,wZ_2uR4j4eo,https://www.youtube.com/watch?v=wZ_2uR4j4eo,Free with attribution (musmus.main.jp),327,5,search
장르·결,B9_smooth,스무스 / 컨템포러리,Royalty Free Background Music (Chillaxing with the Saxing) Downtempo/Chill/Jazz,TeknoAXE,2Uov7GZeslk,https://www.youtube.com/watch?v=2Uov7GZeslk,CC BY 4.0,315,5,search
장르·결,B9_smooth,스무스 / 컨템포러리,"Alpha Hydrae- Keratine, rust and clear soul",Loyalty Freak Music / Komiku,-LW6nQtXe10,https://www.youtube.com/watch?v=-LW6nQtXe10,CC0,304,5,channel
장르·결,B9_smooth,스무스 / 컨템포러리,手描きアート Koichi Morita Art 004 Alien Sorting Soul,魔王魂 (森田交一),rlX6i2fNQK4,https://www.youtube.com/watch?v=rlX6i2fNQK4,Free with attribution (maou.audio terms),739,5,channel
장르·결,B9_smooth,스무스 / 컨템포러리,Touchpoint,Audionautix / Jason Shaw,n2y4cZ4Ltbg,https://www.youtube.com/watch?v=n2y4cZ4Ltbg,CC BY 4.0,290,5,search
장르·결,B9_smooth,스무스 / 컨템포러리,With a Stamp,Twin Musicom,Wm7fXPwI-LY,https://www.youtube.com/watch?v=Wm7fXPwI-LY,CC BY 4.0,282,5,search
장르·결,B9_smooth,스무스 / 컨템포러리,Space Jazz,Kevin MacLeod,5vX9A0XTc6I,https://www.youtube.com/watch?v=5vX9A0XTc6I,CC BY 4.0,370,5,channel
장르·결,B9_smooth,스무스 / 컨템포러리,Stratosphere,Eric Matyas (Soundimage.org),RsTmmM-8W1I,https://www.youtube.com/watch?v=RsTmmM-8W1I,Free with attribution,199,5,search
장르·결,B9_smooth,스무스 / 컨템포러리,11th finger,MusMus,4-XH-XBYfyM,https://www.youtube.com/watch?v=4-XH-XBYfyM,Free with attribution (musmus.main.jp),239,5,search
장르·결,B9_smooth,스무스 / 컨템포러리,Bar Street Jam - Chill/Easy,TeknoAXE,L8aRJ1FxXa4,https://www.youtube.com/watch?v=L8aRJ1FxXa4,CC BY 4.0,277,5,search
장르·결,B9_smooth,스무스 / 컨템포러리,Music - BUILD YOUR OWN ADVENTURE !,Loyalty Freak Music / Komiku,hFnHM7tzvAM,https://www.youtube.com/watch?v=hFnHM7tzvAM,CC0,863,5,search
장르·결,B9_smooth,스무스 / 컨템포러리,暗いジャズのアコースティック02,魔王魂 (森田交一),otGDEbATe2Q,https://www.youtube.com/watch?v=otGDEbATe2Q,Free with attribution (maou.audio terms),105,5,channel
장르·결,B9_smooth,스무스 / 컨템포러리,Mall Walker,Audionautix / Jason Shaw,tPw_G5ZB07M,https://www.youtube.com/watch?v=tPw_G5ZB07M,CC BY 4.0,273,5,search
장르·결,B9_smooth,스무스 / 컨템포러리,Haunting Dreams,Twin Musicom,Ytuk90IP4BY,https://www.youtube.com/watch?v=Ytuk90IP4BY,CC BY 4.0,168,5,search
장르·결,B9_smooth,스무스 / 컨템포러리,Leopard Print Elevator - .com,Kevin MacLeod,vS5seoVGwrc,https://www.youtube.com/watch?v=vS5seoVGwrc,CC BY 4.0,330,5,channel
장르·결,B9_smooth,스무스 / 컨템포러리,Chillin' with My Puzzles,Eric Matyas (Soundimage.org),wj_fj8G_PZ0,https://www.youtube.com/watch?v=wj_fj8G_PZ0,Free with attribution,144,5,channel
장르·결,B9_smooth,스무스 / 컨템포러리,THE ミュラ ー,MusMus,fVpVz2UWdb8,https://www.youtube.com/watch?v=fVpVz2UWdb8,Free with attribution (musmus.main.jp),238,5,search
장르·결,B9_smooth,스무스 / 컨템포러리,Royalty Free Background Music -A (Floating on Glass Super Chill Mode) Downtempo/Chill,TeknoAXE,IqXDqji_49c,https://www.youtube.com/watch?v=IqXDqji_49c,CC BY 4.0,270,5,search
장르·결,B9_smooth,스무스 / 컨템포러리,心地よいジャズのアコースティック11,魔王魂 (森田交一),slhV2v6C64U,https://www.youtube.com/watch?v=slhV2v6C64U,Free with attribution (maou.audio terms),87,4,channel
장르·결,B9_smooth,스무스 / 컨템포러리,Crushin,Audionautix / Jason Shaw,5c1say_pIjY,https://www.youtube.com/watch?v=5c1say_pIjY,CC BY 4.0,256,5,search
장르·결,B9_smooth,스무스 / 컨템포러리,Tom Perry,Twin Musicom,-JG7V3E3Lew,https://www.youtube.com/watch?v=-JG7V3E3Lew,CC BY 4.0,164,5,search
장르·결,B9_smooth,스무스 / 컨템포러리,Curse of the Scarab - .com,Kevin MacLeod,GwLb-PeJYPo,https://www.youtube.com/watch?v=GwLb-PeJYPo,CC BY 4.0,329,5,search
장르·결,B9_smooth,스무스 / 컨템포러리,Dream Voyager,Eric Matyas (Soundimage.org),M5olymXlFx0,https://www.youtube.com/watch?v=M5olymXlFx0,Free with attribution,142,5,search
장르·결,B9_smooth,스무스 / 컨템포러리,気分上々ジャズ,MusMus,rBJ56gnGYB0,https://www.youtube.com/watch?v=rBJ56gnGYB0,Free with attribution (musmus.main.jp),208,5,channel
장르·결,B9_smooth,스무스 / 컨템포러리,(Modernize and The Book Club Variations) Comedy/Drama Soundtrack,TeknoAXE,tb2t5RpJ0GU,https://www.youtube.com/watch?v=tb2t5RpJ0GU,CC BY 4.0,255,5,search
장르·결,B9_smooth,스무스 / 컨템포러리,ややジャズぃ〜なアコースティック15,魔王魂 (森田交一),h3YLVRGmkaM,https://www.youtube.com/watch?v=h3YLVRGmkaM,Free with attribution (maou.audio terms),61,4,channel
장르·결,B9_smooth,스무스 / 컨템포러리,Medium Rock,Audionautix / Jason Shaw,89FUz7-8404,https://www.youtube.com/watch?v=89FUz7-8404,CC BY 4.0,234,5,search
장르·결,B9_smooth,스무스 / 컨템포러리,64 Sundays,Twin Musicom,04WlN7aJK7s,https://www.youtube.com/watch?v=04WlN7aJK7s,CC BY 4.0,142,5,search
장르·결,B9_smooth,스무스 / 컨템포러리,Port Horizon,Kevin MacLeod,nbbJ9weexQ0,https://www.youtube.com/watch?v=nbbJ9weexQ0,CC BY 4.0,324,5,search
장르·결,B9_smooth,스무스 / 컨템포러리,City Moon,Eric Matyas (Soundimage.org),Kc2dO80lJgE,https://www.youtube.com/watch?v=Kc2dO80lJgE,Free with attribution,124,5,search
장르·결,B9_smooth,스무스 / 컨템포러리,ジャズで聴くファイナルファンタジー4,MusMus,EcfVi2EBaV0,https://www.youtube.com/watch?v=EcfVi2EBaV0,Free with attribution (musmus.main.jp),196,5,channel
장르·결,B9_smooth,스무스 / 컨템포러리,Sheba out on the Town -- Downtempo/Jazz,TeknoAXE,W2jbFjg3vgc,https://www.youtube.com/watch?v=W2jbFjg3vgc,CC BY 4.0,247,5,search
장르·결,B9_smooth,스무스 / 컨템포러리,Triangle,Audionautix / Jason Shaw,gWQKv76azGI,https://www.youtube.com/watch?v=gWQKv76azGI,CC BY 4.0,221,5,search
장르·결,B9_smooth,스무스 / 컨템포러리,Kat and Tanner,Twin Musicom,r6BdiSixOrI,https://www.youtube.com/watch?v=r6BdiSixOrI,CC BY 4.0,135,5,search
장르·결,B9_smooth,스무스 / 컨템포러리,Ultralounge,Kevin MacLeod,L7iqnW3iA4U,https://www.youtube.com/watch?v=L7iqnW3iA4U,CC BY 4.0,318,5,channel
장르·결,B9_smooth,스무스 / 컨템포러리,Picnic Breeze,Eric Matyas (Soundimage.org),2vAhB2IqqGg,https://www.youtube.com/watch?v=2vAhB2IqqGg,Free with attribution,100,5,search
장르·결,B9_smooth,스무스 / 컨템포러리,THE 青葉とワルツ,MusMus,VrI3at_WqyU,https://www.youtube.com/watch?v=VrI3at_WqyU,Free with attribution (musmus.main.jp),184,5,search
장르·결,B9_smooth,스무스 / 컨템포러리,Groovy Elevator - Retro/Rock,TeknoAXE,CDPxRSj6leI,https://www.youtube.com/watch?v=CDPxRSj6leI,CC BY 4.0,231,5,channel
장르·결,B9_smooth,스무스 / 컨템포러리,Straighty Baby,Audionautix / Jason Shaw,NqV0o7hVa4I,https://www.youtube.com/watch?v=NqV0o7hVa4I,CC BY 4.0,215,5,search
장르·결,B9_smooth,스무스 / 컨템포러리,Not Without the Rest,Twin Musicom,RDxieJ3Apms,https://www.youtube.com/watch?v=RDxieJ3Apms,CC BY 4.0,118,5,search
장르·결,B9_smooth,스무스 / 컨템포러리,Ethernight Club,Kevin MacLeod,aUQLM6kX9qQ,https://www.youtube.com/watch?v=aUQLM6kX9qQ,CC BY 4.0,307,5,search
장르·결,B9_smooth,스무스 / 컨템포러리,The Jazz Man,Eric Matyas (Soundimage.org),VITCr-V40xM,https://www.youtube.com/watch?v=VITCr-V40xM,Free with attribution,100,5,channel
장르·결,B9_smooth,스무스 / 컨템포러리,Jazzで聴くドラゴンクエストⅢ,MusMus,5VjC1XOFE0I,https://www.youtube.com/watch?v=5VjC1XOFE0I,Free with attribution (musmus.main.jp),168,5,channel
장르·결,B9_smooth,스무스 / 컨템포러리,'s - (Prancing O Snow and Ice) Orchestra/Festive/Drama,TeknoAXE,0QtxoNhvZEs,https://www.youtube.com/watch?v=0QtxoNhvZEs,CC BY 4.0,222,5,search
장르·결,B9_smooth,스무스 / 컨템포러리,Wheels,Audionautix / Jason Shaw,lfsn0BlCUqA,https://www.youtube.com/watch?v=lfsn0BlCUqA,CC BY 4.0,212,5,search
장르·결,B9_smooth,스무스 / 컨템포러리,Classical Carnivale,Twin Musicom,3XJQtMPQvoc,https://www.youtube.com/watch?v=3XJQtMPQvoc,CC BY 4.0,91,4,search
장르·결,B9_smooth,스무스 / 컨템포러리,Clean Soul (EP and Bass Duet),Kevin MacLeod,THihnuQJHF4,https://www.youtube.com/watch?v=THihnuQJHF4,CC BY 4.0,307,5,channel
장르·결,B9_smooth,스무스 / 컨템포러리,Tough Choices,Eric Matyas (Soundimage.org),3CjeXh1GDD8,https://www.youtube.com/watch?v=3CjeXh1GDD8,Free with attribution,99,4,search
장르·결,B9_smooth,스무스 / 컨템포러리,Stable yetl - PIano Jazz,MusMus,C7CFPG08_Yo,https://www.youtube.com/watch?v=C7CFPG08_Yo,Free with attribution (musmus.main.jp),165,5,channel
장르·결,B9_smooth,스무스 / 컨템포러리,'s - (Chilled For the Holidays) Christmas/Holidays/Chill/Downtempo/Jazz,TeknoAXE,TZ94TN5b0SI,https://www.youtube.com/watch?v=TZ94TN5b0SI,CC BY 4.0,215,5,search
장르·결,B9_smooth,스무스 / 컨템포러리,Macaroon 5,Audionautix / Jason Shaw,94e_UavFg_c,https://www.youtube.com/watch?v=94e_UavFg_c,CC BY 4.0,207,5,search
장르·결,B9_smooth,스무스 / 컨템포러리,Elvish Presto,Twin Musicom,3WnUPSfSC24,https://www.youtube.com/watch?v=3WnUPSfSC24,CC BY 4.0,86,4,search
장르·결,B9_smooth,스무스 / 컨템포러리,Odyssey - .com,Kevin MacLeod,Lf2lRb_BgsE,https://www.youtube.com/watch?v=Lf2lRb_BgsE,CC BY 4.0,306,5,search
장르·결,B9_smooth,스무스 / 컨템포러리,Blue Ridge,Eric Matyas (Soundimage.org),a10cyP6y0sc,https://www.youtube.com/watch?v=a10cyP6y0sc,Free with attribution,82,4,search
장르·결,B12_dixie,딕실랜드 / 트래디셔널,2007 04 & Dan Beimborn - Ragtime Annie,Kevin MacLeod,uaHFt4Fw0HM,https://www.youtube.com/watch?v=uaHFt4Fw0HM,CC BY 4.0,160,3,search
장르·결,B13_soul,소울 재즈 / 펑키,Boogie Party,Kevin MacLeod,l7WTgXTjNtc,https://www.youtube.com/watch?v=l7WTgXTjNtc,CC BY 4.0,318,4,channel
장르·결,B13_soul,소울 재즈 / 펑키,'s - Summer Love Part 1 -- Under My Skin -- Funky Song,TeknoAXE,1-P6B-XBHIg,https://www.youtube.com/watch?v=1-P6B-XBHIg,CC BY 4.0,309,4,search
장르·결,B13_soul,소울 재즈 / 펑키,Funk Japan / Copyright,MusMus,EB1zg49Ulio,https://www.youtube.com/watch?v=EB1zg49Ulio,Free with attribution (musmus.main.jp),207,4,channel
장르·결,B13_soul,소울 재즈 / 펑키,Jumpin Boogie Woogie,Audionautix / Jason Shaw,6cCwEZvgXtc,https://www.youtube.com/watch?v=6cCwEZvgXtc,CC BY 4.0,183,4,search
장르·결,B13_soul,소울 재즈 / 펑키,Funky Gameplay,Eric Matyas (Soundimage.org),a37a7A2PBwM,https://www.youtube.com/watch?v=a37a7A2PBwM,Free with attribution,137,3,channel
장르·결,B13_soul,소울 재즈 / 펑키,Captain Glouglou & their beautiful keyboard - Organ,Loyalty Freak Music / Komiku,2lkoboAtETg,https://www.youtube.com/watch?v=2lkoboAtETg,CC0,93,2,channel
장르·결,B13_soul,소울 재즈 / 펑키,Funky Boxstep,Kevin MacLeod,KixDwB3ksh8,https://www.youtube.com/watch?v=KixDwB3ksh8,CC BY 4.0,316,4,channel
장르·결,B13_soul,소울 재즈 / 펑키,Zen and Jam - Funk/Rock,TeknoAXE,HO_0MZIhBcw,https://www.youtube.com/watch?v=HO_0MZIhBcw,CC BY 4.0,296,4,channel
장르·결,B13_soul,소울 재즈 / 펑키,Unconventional Organ,MusMus,W8-bRfQuku4,https://www.youtube.com/watch?v=W8-bRfQuku4,Free with attribution (musmus.main.jp),90,2,channel
장르·결,B13_soul,소울 재즈 / 펑키,Boogie Woogie Bed,Audionautix / Jason Shaw,wSe9BkkDGhI,https://www.youtube.com/watch?v=wSe9BkkDGhI,CC BY 4.0,147,3,search
장르·결,B13_soul,소울 재즈 / 펑키,Funky Runnin',Eric Matyas (Soundimage.org),j5yc2j9KjgU,https://www.youtube.com/watch?v=j5yc2j9KjgU,Free with attribution,93,2,channel
장르·결,B13_soul,소울 재즈 / 펑키,Cold Funk,Kevin MacLeod,0GP8kImr1zY,https://www.youtube.com/watch?v=0GP8kImr1zY,CC BY 4.0,291,4,search
장르·결,B13_soul,소울 재즈 / 펑키,'s - G Funk Pac -- Background/Urban,TeknoAXE,c4ah61z4q60,https://www.youtube.com/watch?v=c4ah61z4q60,CC BY 4.0,261,4,search
장르·결,B13_soul,소울 재즈 / 펑키,Funky Goat Store,MusMus,J5bJCZyyHIc,https://www.youtube.com/watch?v=J5bJCZyyHIc,Free with attribution (musmus.main.jp),61,2,channel
장르·결,B13_soul,소울 재즈 / 펑키,Future Funk,Eric Matyas (Soundimage.org),D4KFvIefV6M,https://www.youtube.com/watch?v=D4KFvIefV6M,Free with attribution,86,2,channel
장르·결,B13_soul,소울 재즈 / 펑키,Cold Funk - Funkorama,Kevin MacLeod,KISsZSqU7nQ,https://www.youtube.com/watch?v=KISsZSqU7nQ,CC BY 4.0,289,4,search
장르·결,B13_soul,소울 재즈 / 펑키,Funk the Chilldown - Funk/Chill,TeknoAXE,mK1L2xyXuV4,https://www.youtube.com/watch?v=mK1L2xyXuV4,CC BY 4.0,258,4,channel
장르·결,B13_soul,소울 재즈 / 펑키,Funky Monster Mischief,Eric Matyas (Soundimage.org),Xd9V_0kQjC4,https://www.youtube.com/watch?v=Xd9V_0kQjC4,Free with attribution,76,2,channel
장르·결,B13_soul,소울 재즈 / 펑키,Got Funk,Kevin MacLeod,v3E3_pFJA44,https://www.youtube.com/watch?v=v3E3_pFJA44,CC BY 4.0,282,4,channel
장르·결,B13_soul,소울 재즈 / 펑키,Shifting Sands - Funk/Easy,TeknoAXE,6EouMmYZf9s,https://www.youtube.com/watch?v=6EouMmYZf9s,CC BY 4.0,233,4,channel
장르·결,B13_soul,소울 재즈 / 펑키,Funky Pixeltown,Eric Matyas (Soundimage.org),VzwoODXoX1E,https://www.youtube.com/watch?v=VzwoODXoX1E,Free with attribution,71,2,channel
장르·결,B13_soul,소울 재즈 / 펑키,Funky Chunk,Kevin MacLeod,qcSFJSoTauo,https://www.youtube.com/watch?v=qcSFJSoTauo,CC BY 4.0,241,4,search
장르·결,B13_soul,소울 재즈 / 펑키,Simpler Times - Funk/Alternative,TeknoAXE,58ISMD33IuQ,https://www.youtube.com/watch?v=58ISMD33IuQ,CC BY 4.0,226,4,channel
장르·결,B13_soul,소울 재즈 / 펑키,Funky Streets,Eric Matyas (Soundimage.org),hX0cPhLTu10,https://www.youtube.com/watch?v=hX0cPhLTu10,Free with attribution,51,1,channel
장르·결,B13_soul,소울 재즈 / 펑키,Groove Grove (with composer commentary),Kevin MacLeod,XqAozLDS9kc,https://www.youtube.com/watch?v=XqAozLDS9kc,CC BY 4.0,206,4,channel
장르·결,B13_soul,소울 재즈 / 펑키,Jam the Future - Funk/Alternative,TeknoAXE,81NL9DGoeWA,https://www.youtube.com/watch?v=81NL9DGoeWA,CC BY 4.0,210,4,channel
장르·결,B13_soul,소울 재즈 / 펑키,Groove Grove - .com,Kevin MacLeod,IUJdYbeZoFk,https://www.youtube.com/watch?v=IUJdYbeZoFk,CC BY 4.0,206,4,channel
장르·결,B13_soul,소울 재즈 / 펑키,EpiJam 3 - Rock/Funk,TeknoAXE,k5P4ORMbnsA,https://www.youtube.com/watch?v=k5P4ORMbnsA,CC BY 4.0,209,4,channel
장르·결,B13_soul,소울 재즈 / 펑키,Funkorama,Kevin MacLeod,LpEUZEHt0qM,https://www.youtube.com/watch?v=LpEUZEHt0qM,CC BY 4.0,202,4,search
장르·결,B13_soul,소울 재즈 / 펑키,Funkadelic - Funk/Rock,TeknoAXE,nLQggszZTJ4,https://www.youtube.com/watch?v=nLQggszZTJ4,CC BY 4.0,208,4,channel
장르·결,B13_soul,소울 재즈 / 펑키,Funky One,Kevin MacLeod,S9QLZ6dVIWU,https://www.youtube.com/watch?v=S9QLZ6dVIWU,CC BY 4.0,183,4,search
장르·결,B13_soul,소울 재즈 / 펑키,'s - Royalty Free Music (Happy Go Lucky Piano) Pop/Funk/Rock,TeknoAXE,mR_nuqNB6vc,https://www.youtube.com/watch?v=mR_nuqNB6vc,CC BY 4.0,138,3,search
장르·결,B13_soul,소울 재즈 / 펑키,C-Funk,Kevin MacLeod,KyvXdEu8fYY,https://www.youtube.com/watch?v=KyvXdEu8fYY,CC BY 4.0,173,3,search
장르·결,B13_soul,소울 재즈 / 펑키,C-Funk - Funkorama,Kevin MacLeod,X5cDq4ZyZoM,https://www.youtube.com/watch?v=X5cDq4ZyZoM,CC BY 4.0,171,3,search
장르·결,B13_soul,소울 재즈 / 펑키,Laser Groove,Kevin MacLeod,GImBmTwBV1s,https://www.youtube.com/watch?v=GImBmTwBV1s,CC BY 4.0,168,3,channel
장르·결,B13_soul,소울 재즈 / 펑키,AcidJazz,Kevin MacLeod,kJmAelp4lVI,https://www.youtube.com/watch?v=kJmAelp4lVI,CC BY 4.0,180,3,seed
장르·결,B13_soul,소울 재즈 / 펑키,Funk Game,Kevin MacLeod,_pVxP9xX05Q,https://www.youtube.com/watch?v=_pVxP9xX05Q,CC BY 4.0,59,1,search
장르·결,B13_soul,소울 재즈 / 펑키,Spy Groove,Kevin MacLeod,kbjZxvjEzOA,https://www.youtube.com/watch?v=kbjZxvjEzOA,CC BY 4.0,183,4,search
장르·결,B14_noir,누아르 / 탐정,Darkest Child,Kevin MacLeod,soJ9xucVMbg,https://www.youtube.com/watch?v=soJ9xucVMbg,CC BY 4.0,239,5,search
장르·결,B14_noir,누아르 / 탐정,The Arcade Detective,Eric Matyas (Soundimage.org),Fx0sGuVknNs,https://www.youtube.com/watch?v=Fx0sGuVknNs,Free with attribution,117,5,channel
장르·결,B14_noir,누아르 / 탐정,deck brush detective,MusMus,k4VW4LkoeJY,https://www.youtube.com/watch?v=k4VW4LkoeJY,Free with attribution (musmus.main.jp),78,4,channel
장르·결,B14_noir,누아르 / 탐정,Darkest Child (var A),Kevin MacLeod,fZi1O9dHMZg,https://www.youtube.com/watch?v=fZi1O9dHMZg,CC BY 4.0,200,5,search
장르·결,B14_noir,누아르 / 탐정,Pixel Spy vs Spy,Eric Matyas (Soundimage.org),RyMIKhq7eck,https://www.youtube.com/watch?v=RyMIKhq7eck,Free with attribution,96,4,channel
장르·결,B14_noir,누아르 / 탐정,Darkest Child A,Kevin MacLeod,nCwYta2Kt8g,https://www.youtube.com/watch?v=nCwYta2Kt8g,CC BY 4.0,198,5,search
장르·결,B14_noir,누아르 / 탐정,Future Noir,Eric Matyas (Soundimage.org),RKi9JVgW7tY,https://www.youtube.com/watch?v=RKi9JVgW7tY,Free with attribution,55,3,channel
장르·결,B14_noir,누아르 / 탐정,Goblin Tinker Soldier Spy,Kevin MacLeod,kP_maFPR4Gs,https://www.youtube.com/watch?v=kP_maFPR4Gs,CC BY 4.0,136,5,channel
장르·결,B14_noir,누아르 / 탐정,Dances and Dames,Kevin MacLeod,5B9a2W5eFTM,https://www.youtube.com/watch?v=5B9a2W5eFTM,CC BY 4.0,180,5,seed
장르·결,B14_noir,누아르 / 탐정,I Knew a Guy,Kevin MacLeod,3XiEYu0Qxzg,https://www.youtube.com/watch?v=3XiEYu0Qxzg,CC BY 4.0,180,5,seed
장르·결,B14_noir,누아르 / 탐정,Investigations,Kevin MacLeod,7_t7gQ8Olgk,https://www.youtube.com/watch?v=7_t7gQ8Olgk,CC BY 4.0,96,4,search
장르·결,B14_noir,누아르 / 탐정,Hard Boiled,Kevin MacLeod,irgqBbPR1kE,https://www.youtube.com/watch?v=irgqBbPR1kE,CC BY 4.0,180,4,seed
장소,C1_lounge,미드나잇 라운지,Airport Lounge,Kevin MacLeod,3jsMYi38bGk,https://www.youtube.com/watch?v=3jsMYi38bGk,CC BY 4.0,308,5,search
장소,C1_lounge,미드나잇 라운지,Monster Chill Lounge - Retro Rock,TeknoAXE,fI9ye6qmLLo,https://www.youtube.com/watch?v=fI9ye6qmLLo,CC BY 4.0,266,5,channel
장소,C1_lounge,미드나잇 라운지,"BLEND - Guitor,Sax, Relax,Jazz",MusMus,yF_HAXd7Stk,https://www.youtube.com/watch?v=yF_HAXd7Stk,Free with attribution (musmus.main.jp),158,5,channel
장소,C1_lounge,미드나잇 라운지,Midnight Mist,Eric Matyas (Soundimage.org),kRWdtoasWdM,https://www.youtube.com/watch?v=kRWdtoasWdM,Free with attribution,124,5,channel
장소,C1_lounge,미드나잇 라운지,Mystery Sax,Kevin MacLeod,I73DQEy-aEA,https://www.youtube.com/watch?v=I73DQEy-aEA,CC BY 4.0,285,5,channel
장소,C1_lounge,미드나잇 라운지,Glass Lounge - Chill Rock,TeknoAXE,yZxwbIxrQ6A,https://www.youtube.com/watch?v=yZxwbIxrQ6A,CC BY 4.0,259,5,channel
장소,C1_lounge,미드나잇 라운지,10 Past Midnight,Eric Matyas (Soundimage.org),_TRO5l3onG0,https://www.youtube.com/watch?v=_TRO5l3onG0,Free with attribution,109,5,channel
장소,C1_lounge,미드나잇 라운지,Backbay Lounge,Kevin MacLeod,I0gPJrtRHds,https://www.youtube.com/watch?v=I0gPJrtRHds,CC BY 4.0,271,5,channel
장소,C1_lounge,미드나잇 라운지,Lounge of Fuzz - Retro/Rock,TeknoAXE,653dDteufF8,https://www.youtube.com/watch?v=653dDteufF8,CC BY 4.0,209,5,channel
장소,C1_lounge,미드나잇 라운지,Hong Kong Midnight,Eric Matyas (Soundimage.org),6Q-FfDlZtvM,https://www.youtube.com/watch?v=6Q-FfDlZtvM,Free with attribution,63,4,channel
장소,C1_lounge,미드나잇 라운지,Disco Lounge,Kevin MacLeod,od3R3fh3t5o,https://www.youtube.com/watch?v=od3R3fh3t5o,CC BY 4.0,254,5,search
장소,C1_lounge,미드나잇 라운지,Playing it Cool - Saxophone/Soft Rock,TeknoAXE,Uw_9djvrpDU,https://www.youtube.com/watch?v=Uw_9djvrpDU,CC BY 4.0,207,5,search
장소,C1_lounge,미드나잇 라운지,Midnight Crawlers,Eric Matyas (Soundimage.org),fy7kTGLKeoM,https://www.youtube.com/watch?v=fy7kTGLKeoM,Free with attribution,63,4,channel
장소,C1_lounge,미드나잇 라운지,Moon Lounge Omicron Prime,Kevin MacLeod,liWL0ZwQ2Oc,https://www.youtube.com/watch?v=liWL0ZwQ2Oc,CC BY 4.0,225,5,channel
장소,C1_lounge,미드나잇 라운지,Midnight Streets_ ( Track),Eric Matyas (Soundimage.org),oaUis-L37cA,https://www.youtube.com/watch?v=oaUis-L37cA,Free with attribution,56,3,channel
장소,C1_lounge,미드나잇 라운지,"Sax, Rock and Roll",Kevin MacLeod,Mfrzu-eqyMs,https://www.youtube.com/watch?v=Mfrzu-eqyMs,CC BY 4.0,207,5,search
장소,C1_lounge,미드나잇 라운지,Midnight Mist_LoFi ( Track),Eric Matyas (Soundimage.org),rj0jwLdy0Xw,https://www.youtube.com/watch?v=rj0jwLdy0Xw,Free with attribution,48,3,channel
장소,C1_lounge,미드나잇 라운지,Night on the Docks - Piano,Kevin MacLeod,5y2iCWVL06M,https://www.youtube.com/watch?v=5y2iCWVL06M,CC BY 4.0,177,5,search
장소,C1_lounge,미드나잇 라운지,Midnight Tale,Kevin MacLeod,VNctLX9oOJc,https://www.youtube.com/watch?v=VNctLX9oOJc,CC BY 4.0,161,5,channel
장소,C1_lounge,미드나잇 라운지,Stomping at Midnight,Kevin MacLeod,VhIJ30X3CqU,https://www.youtube.com/watch?v=VhIJ30X3CqU,CC BY 4.0,122,5,channel
장소,C1_lounge,미드나잇 라운지,Stomping at Midnight Vinyl Recording,Kevin MacLeod,jlF_vSoM20s,https://www.youtube.com/watch?v=jlF_vSoM20s,CC BY 4.0,119,5,channel
장소,C1_lounge,미드나잇 라운지,Amazing Grace (solo tenor sax),Kevin MacLeod,G9wETpsTu04,https://www.youtube.com/watch?v=G9wETpsTu04,CC BY 4.0,117,5,search
장소,C1_lounge,미드나잇 라운지,Wallpaper,Kevin MacLeod,wNjJiZk7H28,https://www.youtube.com/watch?v=wNjJiZk7H28,CC BY 4.0,180,5,seed
장소,C1_lounge,미드나잇 라운지,Late Night Radio,Kevin MacLeod,QhtL-6Cf5Xk,https://www.youtube.com/watch?v=QhtL-6Cf5Xk,CC BY 4.0,265,5,channel
장소,C1_lounge,미드나잇 라운지,"inherit the Light Trail - PIano,Sax,Violin Contemporary Jazz",MusMus,vbtQoGuccnM,https://www.youtube.com/watch?v=vbtQoGuccnM,Free with attribution (musmus.main.jp),153,5,channel
장소,C2_cafe,브런치 카페,Lobby Time,Kevin MacLeod,7FsKlW3xYN8,https://www.youtube.com/watch?v=7FsKlW3xYN8,CC BY 4.0,193,5,channel
장소,C2_cafe,브런치 카페,Little Monster’s Cafe / Copyright,MusMus,WTFoVv1BaFk,https://www.youtube.com/watch?v=WTFoVv1BaFk,Free with attribution (musmus.main.jp),142,5,channel
장소,C2_cafe,브런치 카페,Jazz Brunch,Kevin MacLeod,8DtQ21BWvyQ,https://www.youtube.com/watch?v=8DtQ21BWvyQ,CC BY 4.0,180,5,seed
장소,C3_speakeasy,스피크이지,Whiskey on the Mississippi,Kevin MacLeod,qWmP_Vng-YM,https://www.youtube.com/watch?v=qWmP_Vng-YM,CC BY 4.0,198,4,search
장소,C4_rooftop,루프탑 / 시티 라이트,URBAN FLIGHT,MusMus,-VO4ax9FM-I,https://www.youtube.com/watch?v=-VO4ax9FM-I,Free with attribution (musmus.main.jp),138,4,search
장소,C4_rooftop,루프탑 / 시티 라이트,Digital Downtown,Eric Matyas (Soundimage.org),Snz7hVmq74E,https://www.youtube.com/watch?v=Snz7hVmq74E,Free with attribution,106,4,channel
장소,C5_festival,야외 페스티벌,Beach Party,Kevin MacLeod,-9mAgnSkYD0,https://www.youtube.com/watch?v=-9mAgnSkYD0,CC BY 4.0,180,3,seed
감정·시간,D1_melancholy,멜랑콜리 / 블루,Bittersweet,Kevin MacLeod,H6ydejhm4EY,https://www.youtube.com/watch?v=H6ydejhm4EY,CC BY 4.0,202,5,search
감정·시간,D2_romance,로맨스,Romantic Lands Beckon,Eric Matyas (Soundimage.org),ggVRfCoOamI,https://www.youtube.com/watch?v=ggVRfCoOamI,Free with attribution,122,5,channel
감정·시간,D2_romance,로맨스,Romantic,Kevin MacLeod,HTd1sl4G4O8,https://www.youtube.com/watch?v=HTd1sl4G4O8,CC BY 4.0,180,5,seed
감정·시간,D2_romance,로맨스,Romantic Halloween Theme,Eric Matyas (Soundimage.org),P5QiwdLdFS8,https://www.youtube.com/watch?v=P5QiwdLdFS8,Free with attribution,101,5,channel
감정·시간,D3_uplift,업리프트 / 선데이 모닝,Carefree,Kevin MacLeod,sMcWOaJFuw0,https://www.youtube.com/watch?v=sMcWOaJFuw0,CC BY 4.0,206,4,channel
감정·시간,D3_uplift,업리프트 / 선데이 모닝,Carefree Days in Groovyville,Eric Matyas (Soundimage.org),AxPHs1MoRwo,https://www.youtube.com/watch?v=AxPHs1MoRwo,Free with attribution,109,4,channel
감정·시간,D3_uplift,업리프트 / 선데이 모닝,Shades of Spring,Kevin MacLeod,bLuBF0vianE,https://www.youtube.com/watch?v=bLuBF0vianE,CC BY 4.0,180,4,seed
감정·시간,D3_uplift,업리프트 / 선데이 모닝,Carefree Days at Pelican Shores,Eric Matyas (Soundimage.org),PlqVzi9kFwM,https://www.youtube.com/watch?v=PlqVzi9kFwM,Free with attribution,92,3,channel
감정·시간,D4_tense,텐스 / 서스펜스,Spy Glass,Kevin MacLeod,gTrHdi8iuvs,https://www.youtube.com/watch?v=gTrHdi8iuvs,CC BY 4.0,226,4,channel
감정·시간,D5_playful,플레이풀 / 위트,Blue Ska - .com,Kevin MacLeod,TZS0NGGXXMY,https://www.youtube.com/watch?v=TZS0NGGXXMY,CC BY 4.0,148,3,channel
감정·시간,D5_playful,플레이풀 / 위트,Blue Ska,Kevin MacLeod,bJTYaGeqt3k,https://www.youtube.com/watch?v=bJTYaGeqt3k,CC BY 4.0,148,3,search
감정·시간,D5_playful,플레이풀 / 위트,Sneaky Snitch,Kevin MacLeod,QrqjLoPbnyY,https://www.youtube.com/watch?v=QrqjLoPbnyY,CC BY 4.0,143,3,search
감정·시간,D5_playful,플레이풀 / 위트,B-Roll (ska),Kevin MacLeod,1165zQdIvMU,https://www.youtube.com/watch?v=1165zQdIvMU,CC BY 4.0,63,2,search
감정·시간,D5_playful,플레이풀 / 위트,B-Roll (ska) - Islandesque,Kevin MacLeod,K-vgwToD8V4,https://www.youtube.com/watch?v=K-vgwToD8V4,CC BY 4.0,62,2,search
감정·시간,D7_rainy,비 오는 창가,Rainy November -- Background/Jazz/Orchestra,TeknoAXE,yAnzVd_mgjw,https://www.youtube.com/watch?v=yAnzVd_mgjw,CC BY 4.0,198,5,search
감정·시간,D7_rainy,비 오는 창가,Puddle Jumping,Eric Matyas (Soundimage.org),5Rqc913k3kg,https://www.youtube.com/watch?v=5Rqc913k3kg,Free with attribution,138,5,search
감정·시간,D8_afterhours,애프터아워 / 라스트 세트,Mining by Moonlight,Kevin MacLeod,bAYKt6yW23M,https://www.youtube.com/watch?v=bAYKt6yW23M,CC BY 4.0,196,5,channel
감정·시간,D9_dawn,새벽 / 빈 클럽,Lightless Dawn,Kevin MacLeod,3-vZ_wi00SE,https://www.youtube.com/watch?v=3-vZ_wi00SE,CC BY 4.0,381,5,search
감정·시간,D9_dawn,새벽 / 빈 클럽,The City Without Dawn,MusMus,N9EE7n03YA4,https://www.youtube.com/watch?v=N9EE7n03YA4,Free with attribution (musmus.main.jp),256,5,search
감정·시간,D9_dawn,새벽 / 빈 클럽,Cretaceous Dawn,Kevin MacLeod,KNr2trYfzrU,https://www.youtube.com/watch?v=KNr2trYfzrU,CC BY 4.0,243,5,search
